Title,Media URL,Pinterest board,Thumbnail,Description,Link
"5 Rabanitos — Chicago, IL","https://fastly.picsum.photos/id/473/800/1200.jpg?hmac=S267_gFR8HG0uOoXARqfwQBRBMjz2xiT2gnba2F2_yQ","loopref/venue",,"Visit 5 Rabanitos in Chicago, IL and share your experience with friends to earn real discounts. Find more venues on LoopRef. #LoopRef #Mexican #Chicago","https://loopref.com/places/venue/?slug=5-rabanitos-chicago"
"Aloha Eats — Chicago, IL","https://fastly.picsum.photos/id/325/800/1200.jpg?hmac=Cxr_rVCVEV8nKZ6D0lkOAcydRumtbif-rUT4aKE_D9Q","loopref/venue",,"Visit Aloha Eats in Chicago, IL and share your experience with friends to earn real discounts. Find more venues on LoopRef. #LoopRef #Restaurant #Chicago","https://loopref.com/places/venue/?slug=aloha-eats-chicago"
"Amelia's 1931 — Miami, FL","https://fastly.picsum.photos/id/862/800/1200.jpg?hmac=F-N3QZ1PLyYRtNXO8yqBXgFZYjWU1tqBeD7aT58QFW8","loopref/venue",,"Visit Amelia's 1931 in Miami, FL and share your experience with friends to earn real discounts. Find more venues on LoopRef. #LoopRef #Restaurant #Miami","https://loopref.com/places/venue/?slug=amelias-1931-miami"
"Awash Ethiopian Restaurant — Miami, FL","https://fastly.picsum.photos/id/964/800/1200.jpg?hmac=ZS2iRFgC7-iMBrTiwMt6h2uA3PpvYwPC1nVuhQNVzpE","loopref/venue",,"Visit Awash Ethiopian Restaurant in Miami, FL and share your experience with friends to earn real discounts. Find more venues on LoopRef. #LoopRef #Ethiopian #Miami","https://loopref.com/places/venue/?slug=awash-ethiopian-restaurant-miami"
"Bamonte's — Brooklyn, NY","https://fastly.picsum.photos/id/871/800/1200.jpg?hmac=rmJcQzwz55ZZLgUhmi-AsY9Xv9ck-Q5o5lbQf71mJIY","loopref/venue",,"Visit Bamonte's in Brooklyn, NY and share your experience with friends to earn real discounts. Find more venues on LoopRef. #LoopRef #Italian #Brooklyn","https://loopref.com/places/venue/?slug=bamontes-brooklyn"
"Barney Greengrass — New York, NY","https://fastly.picsum.photos/id/523/800/1200.jpg?hmac=8luVM4nJIhGw_1lWS4saN3uW2qNz8mPSWUGWbJ4gR8Q","loopref/venue",,"Visit Barney Greengrass in New York, NY and share your experience with friends to earn real discounts. Find more venues on LoopRef. #LoopRef #Deli #NewYork","https://loopref.com/places/venue/?slug=barney-greengrass-new-york"
"Barney's Beanery — West Hollywood, CA","https://fastly.picsum.photos/id/91/800/1200.jpg?hmac=T5wac3-PSOwyXY0fymcvjGYSUhJUSD0cXP_HfHegF6Q","loopref/venue",,"Visit Barney's Beanery in West Hollywood, CA and share your experience with friends to earn real discounts. Find more venues on LoopRef. #LoopRef #Restaurant #WestHollywood","https://loopref.com/places/venue/?slug=barneys-beanery-west-hollywood"
"Barone's Pizzeria — Valley Glen, CA","https://fastly.picsum.photos/id/942/800/1200.jpg?hmac=dZUtjsrukfNXWL4k_dGJrD-ZJ6VMYKvCORtiOR_vNxI","loopref/venue",,"Visit Barone's Pizzeria in Valley Glen, CA and share your experience with friends to earn real discounts. Find more venues on LoopRef. #LoopRef #Pizza #ValleyGlen","https://loopref.com/places/venue/?slug=barones-pizzeria-valley-glen"
"Bay Cities Italian Deli — Santa Monica, CA","https://fastly.picsum.photos/id/64/800/1200.jpg?hmac=bGIgCfblylQqKbiJDXYcu5_DVnDiQU4HgXR7CFRkxW8","loopref/venue",,"Visit Bay Cities Italian Deli in Santa Monica, CA and share your experience with friends to earn real discounts. Find more venues on LoopRef. #LoopRef #Deli #SantaMonica","https://loopref.com/places/venue/?slug=bay-cities-italian-deli-santa-monica"
"Brighton Coffee Shop — Beverly Hills, CA","https://fastly.picsum.photos/id/287/800/1200.jpg?hmac=T1Thay5wdXRYlF7hCR_h3t76EjONDmCkp9zjWmIEi1c","loopref/venue",,"Visit Brighton Coffee Shop in Beverly Hills, CA and share your experience with friends to earn real discounts. Find more venues on LoopRef. #LoopRef #Coffee #BeverlyHills","https://loopref.com/places/venue/?slug=brighton-coffee-shop-beverly-hills"
"Cafe La Trova — Miami, FL","https://fastly.picsum.photos/id/1048/800/1200.jpg?hmac=FGMDJ01WUNojpCnHepBUd7VtmI9wJQ0-G_mtpaLV9wY","loopref/venue",,"Visit Cafe La Trova in Miami, FL and share your experience with friends to earn real discounts. Find more venues on LoopRef. #LoopRef #Cuban #Miami","https://loopref.com/places/venue/?slug=cafe-la-trova-miami"
"Cairo Kebab — Chicago, IL","https://fastly.picsum.photos/id/498/800/1200.jpg?hmac=nE4x3CjhFj5LUKqn-6UpnKXlKIfJV_9D2FyZLNMuZoQ","loopref/venue",,"Visit Cairo Kebab in Chicago, IL and share your experience with friends to earn real discounts. Find more venues on LoopRef. #LoopRef #Restaurant #Chicago","https://loopref.com/places/venue/?slug=cairo-kebab-chicago"
"Canter's — Los Angeles, CA","https://fastly.picsum.photos/id/203/800/1200.jpg?hmac=jpzxnwbrcrS5O9EaNSltxYzBNSjuSEbHhJHoqrbuQvQ","loopref/venue",,"Visit Canter's in Los Angeles, CA and share your experience with friends to earn real discounts. Find more venues on LoopRef. #LoopRef #Deli #LosAngeles","https://loopref.com/places/venue/?slug=canters-los-angeles"
"Carnicería Maribel — Chicago, IL","https://fastly.picsum.photos/id/533/800/1200.jpg?hmac=sD7ItsfVF9a_TlJ1omYKgbHpQLf58gd7BjbDJ7pSbg8","loopref/venue",,"Visit Carnicería Maribel in Chicago, IL and share your experience with friends to earn real discounts. Find more venues on LoopRef. #LoopRef #Mexican #Chicago","https://loopref.com/places/venue/?slug=carnicera-maribel-chicago"
"Carrillo's Tortilleria — San Fernando, CA","https://fastly.picsum.photos/id/1073/800/1200.jpg?hmac=s8LhuHbbiL1tEiHRbf76dLzbWitPAWuF9L9cjJ3NyWQ","loopref/venue",,"Visit Carrillo's Tortilleria in San Fernando, CA and share your experience with friends to earn real discounts. Find more venues on LoopRef. #LoopRef #Mexican #SanFernando","https://loopref.com/places/venue/?slug=carrillos-tortilleria-san-fernando"
"Cedar Palace — Chicago, IL","https://fastly.picsum.photos/id/1003/800/1200.jpg?hmac=8vwkQay1-WqULsSfZXv52tE1sRkFY-6Ev2KTqamu8gU","loopref/venue",,"Visit Cedar Palace in Chicago, IL and share your experience with friends to earn real discounts. Find more venues on LoopRef. #LoopRef #Restaurant #Chicago","https://loopref.com/places/venue/?slug=cedar-palace-chicago"
"Chili John's — Burbank, CA","https://fastly.picsum.photos/id/1066/800/1200.jpg?hmac=HaCf8r4edYULzuICkfeNB8_auwWlaoo5FoLLVo07Wr8","loopref/venue",,"Visit Chili John's in Burbank, CA and share your experience with friends to earn real discounts. Find more venues on LoopRef. #LoopRef #Restaurant #Burbank","https://loopref.com/places/venue/?slug=chili-johns-burbank"
"Chris & Pitts — Bellflower, CA","https://fastly.picsum.photos/id/543/800/1200.jpg?hmac=dscJM0fbeVzHoi5cE3oFskKd2nB3gMVDJ1iFYKSseCA","loopref/venue",,"Visit Chris & Pitts in Bellflower, CA and share your experience with friends to earn real discounts. Find more venues on LoopRef. #LoopRef #BBQ #Bellflower","https://loopref.com/places/venue/?slug=chris-pitts-bellflower"
"Clearman's Steak 'n Stein — Pico Rivera, CA","https://fastly.picsum.photos/id/153/800/1200.jpg?hmac=Zc6W_orueXaE-WXNaKM_g6lTTGPkgzOl6UnSQNOiqDc","loopref/venue",,"Visit Clearman's Steak 'n Stein in Pico Rivera, CA and share your experience with friends to earn real discounts. Find more venues on LoopRef. #LoopRef #Steakhouse #PicoRivera","https://loopref.com/places/venue/?slug=clearmans-steak-n-stein-pico-rivera"
"Cole's — Los Angeles, CA","https://fastly.picsum.photos/id/282/800/1200.jpg?hmac=QCTClLZjqjp0SWJRaMb9JJHbs4NzgDk_X5vwwix0IGc","loopref/venue",,"Visit Cole's in Los Angeles, CA and share your experience with friends to earn real discounts. Find more venues on LoopRef. #LoopRef #Restaurant #LosAngeles","https://loopref.com/places/venue/?slug=coles-los-angeles"
"Colonial Kitchen — San Marino, CA","https://fastly.picsum.photos/id/614/800/1200.jpg?hmac=OgM-fvu_PH5fzwAvkWWkiMVaSOwad-da35K5aWXAqiM","loopref/venue",,"Visit Colonial Kitchen in San Marino, CA and share your experience with friends to earn real discounts. Find more venues on LoopRef. #LoopRef #Restaurant #SanMarino","https://loopref.com/places/venue/?slug=colonial-kitchen-san-marino"
"Damon's Steak House — Glendale, CA","https://fastly.picsum.photos/id/79/800/1200.jpg?hmac=lQRk72uoOZcwebLGRwvcu_tJFdakUaxdStBoDsSur3Y","loopref/venue",,"Visit Damon's Steak House in Glendale, CA and share your experience with friends to earn real discounts. Find more venues on LoopRef. #LoopRef #Steakhouse #Glendale","https://loopref.com/places/venue/?slug=damons-steak-house-glendale"
"DiTondo's — New York, NY","https://fastly.picsum.photos/id/906/800/1200.jpg?hmac=gDV70WUYybM9QEgbJRpQh3xgweK1vfAzzPmaaJ-xWAc","loopref/venue",,"Visit DiTondo's in New York, NY and share your experience with friends to earn real discounts. Find more venues on LoopRef. #LoopRef #Italian #NewYork","https://loopref.com/places/venue/?slug=ditondos-new-york"
"Du-par's — Los Angeles, CA","https://fastly.picsum.photos/id/865/800/1200.jpg?hmac=UCPyZFzbVWRJH56g6nlVMwPYfow6L2dB9fIN172fKMM","loopref/venue",,"Visit Du-par's in Los Angeles, CA and share your experience with friends to earn real discounts. Find more venues on LoopRef. #LoopRef #Restaurant #LosAngeles","https://loopref.com/places/venue/?slug=du-pars-los-angeles"
"Eastside Market & Italian Deli — Los Angeles, CA","https://fastly.picsum.photos/id/702/800/1200.jpg?hmac=nH28bXK8JRlkQxeOU5mY-vpnfClFP2yGseYoDMgQp0s","loopref/venue",,"Visit Eastside Market & Italian Deli in Los Angeles, CA and share your experience with friends to earn real discounts. Find more venues on LoopRef. #LoopRef #Deli #LosAngeles","https://loopref.com/places/venue/?slug=eastside-market-italian-deli-los-angeles"
"El Cholo — Los Angeles, CA","https://fastly.picsum.photos/id/629/800/1200.jpg?hmac=R_obkEpexx8YDDOJCC3vWTU0aQWF-e14sjczEhPbKBc","loopref/venue",,"Visit El Cholo in Los Angeles, CA and share your experience with friends to earn real discounts. Find more venues on LoopRef. #LoopRef #Mexican #LosAngeles","https://loopref.com/places/venue/?slug=el-cholo-los-angeles"
"El Coyote — Los Angeles, CA","https://fastly.picsum.photos/id/1066/800/1200.jpg?hmac=HaCf8r4edYULzuICkfeNB8_auwWlaoo5FoLLVo07Wr8","loopref/venue",,"Visit El Coyote in Los Angeles, CA and share your experience with friends to earn real discounts. Find more venues on LoopRef. #LoopRef #Mexican #LosAngeles","https://loopref.com/places/venue/?slug=el-coyote-los-angeles"
"Fair Oaks Pharmacy & Soda Fountain — South Pasadena, CA","https://fastly.picsum.photos/id/440/800/1200.jpg?hmac=M-8TNUy1c2PrLzxPkrpQQ4SMkInq0iCUj5EUgONswfw","loopref/venue",,"Visit Fair Oaks Pharmacy & Soda Fountain in South Pasadena, CA and share your experience with friends to earn real discounts. Find more venues on LoopRef. #LoopRef #Restaurant #SouthPasadena","https://loopref.com/places/venue/?slug=fair-oaks-pharmacy-soda-fountain-south-pasadena"
"Ferrara Bakery & Cafe — New York, NY","https://fastly.picsum.photos/id/678/800/1200.jpg?hmac=XKzIMEYRgGrmlnW1TD1-W9ZtdVwCofwD-8QcqtTwlU4","loopref/venue",,"Visit Ferrara Bakery & Cafe in New York, NY and share your experience with friends to earn real discounts. Find more venues on LoopRef. #LoopRef #Bakery #NewYork","https://loopref.com/places/venue/?slug=ferrara-bakery-cafe-new-york"
"Formosa Cafe — West Hollywood, CA","https://fastly.picsum.photos/id/18/800/1200.jpg?hmac=iqDFWUVqOoyf3eYsQeya2K4PtPlQ53dpIVQdF-dWEpA","loopref/venue",,"Visit Formosa Cafe in West Hollywood, CA and share your experience with friends to earn real discounts. Find more venues on LoopRef. #LoopRef #Restaurant #WestHollywood","https://loopref.com/places/venue/?slug=formosa-cafe-west-hollywood"
"Gene & Georgetti — Chicago, IL","https://fastly.picsum.photos/id/225/800/1200.jpg?hmac=LQ4lIToo9nrYuHQivbvCT52Fbp0eBmlR9YGQq92JHiQ","loopref/venue",,"Visit Gene & Georgetti in Chicago, IL and share your experience with friends to earn real discounts. Find more venues on LoopRef. #LoopRef #Steakhouse #Chicago","https://loopref.com/places/venue/?slug=gene-georgetti-chicago"
"Ghee Indian Kitchen — Miami, FL","https://fastly.picsum.photos/id/379/800/1200.jpg?hmac=-YR-T0GO_s9JfY7O_I2eBIhtKx0tdkqGwAZUHD_Ig3s","loopref/venue",,"Visit Ghee Indian Kitchen in Miami, FL and share your experience with friends to earn real discounts. Find more venues on LoopRef. #LoopRef #Indian #Miami","https://loopref.com/places/venue/?slug=ghee-indian-kitchen-miami"
"Halfway House Cafe — Santa Clarita, CA","https://fastly.picsum.photos/id/218/800/1200.jpg?hmac=xiNUWG8Hy7SRhHdcCEbNQGUOoH7GHTyRj_gAVSqF7Us","loopref/venue",,"Visit Halfway House Cafe in Santa Clarita, CA and share your experience with friends to earn real discounts. Find more venues on LoopRef. #LoopRef #Restaurant #SantaClarita","https://loopref.com/places/venue/?slug=halfway-house-cafe-santa-clarita"
"Joe Jost — Long Beach, CA","https://fastly.picsum.photos/id/198/800/1200.jpg?hmac=8Oq-JRRBACJUwqcLmT3o-tvWjcWeY-2G-sCsq-rnphY","loopref/venue",,"Visit Joe Jost in Long Beach, CA and share your experience with friends to earn real discounts. Find more venues on LoopRef. #LoopRef #Restaurant #LongBeach","https://loopref.com/places/venue/?slug=joe-jost-long-beach"
"La Camaronera — Miami, FL","https://fastly.picsum.photos/id/136/800/1200.jpg?hmac=9BVK-Sn-lO_3eO7abEqwldhvtUdZB3RmwmP8oOQi7mI","loopref/venue",,"Visit La Camaronera in Miami, FL and share your experience with friends to earn real discounts. Find more venues on LoopRef. #LoopRef #Seafood #Miami","https://loopref.com/places/venue/?slug=la-camaronera-miami"
"La Scarola — Chicago, IL","https://fastly.picsum.photos/id/127/800/1200.jpg?hmac=GVazbiIQJE0O_dsQbDpfWnF4oZKbtVnyHGjGG8U8iiA","loopref/venue",,"Visit La Scarola in Chicago, IL and share your experience with friends to earn real discounts. Find more venues on LoopRef. #LoopRef #Italian #Chicago","https://loopref.com/places/venue/?slug=la-scarola-chicago"
"Lanza Brothers Market — Los Angeles, CA","https://fastly.picsum.photos/id/574/800/1200.jpg?hmac=QH8aYFLbrObhE_qcROGr6Z5KjEJ4ropEKIWbpmpYqCc","loopref/venue",,"Visit Lanza Brothers Market in Los Angeles, CA and share your experience with friends to earn real discounts. Find more venues on LoopRef. #LoopRef #Deli #LosAngeles","https://loopref.com/places/venue/?slug=lanza-brothers-market-los-angeles"
"Lawry's The Prime Rib — Beverly Hills, CA","https://fastly.picsum.photos/id/1044/800/1200.jpg?hmac=DqUqzwh6nrlkT9PFAq6CBlqzp62dJo0K_XgNmoN8_Hg","loopref/venue",,"Visit Lawry's The Prime Rib in Beverly Hills, CA and share your experience with friends to earn real discounts. Find more venues on LoopRef. #LoopRef #Steakhouse #BeverlyHills","https://loopref.com/places/venue/?slug=lawrys-the-prime-rib-beverly-hills"
"Marrakech — Chicago, IL","https://fastly.picsum.photos/id/997/800/1200.jpg?hmac=vDZtQxraQD5kEo2w2njc6nGZLV_Mq8dA_8xHDHfdXQQ","loopref/venue",,"Visit Marrakech in Chicago, IL and share your experience with friends to earn real discounts. Find more venues on LoopRef. #LoopRef #Restaurant #Chicago","https://loopref.com/places/venue/?slug=marrakech-chicago"
"Mignonette — Miami, FL","https://fastly.picsum.photos/id/23/800/1200.jpg?hmac=PwWjUvIuN25Th_y8DxwjmzFyVeIpaPZKVKQ-AJoiGjQ","loopref/venue",,"Visit Mignonette in Miami, FL and share your experience with friends to earn real discounts. Find more venues on LoopRef. #LoopRef #Seafood #Miami","https://loopref.com/places/venue/?slug=mignonette-miami"
"Mitla Cafe — San Bernardino, CA","https://fastly.picsum.photos/id/94/800/1200.jpg?hmac=ZZbTpf5VlkZq7fFzc9B14WFOipDcUpo7wSe4WQm6feA","loopref/venue",,"Visit Mitla Cafe in San Bernardino, CA and share your experience with friends to earn real discounts. Find more venues on LoopRef. #LoopRef #Mexican #SanBernardino","https://loopref.com/places/venue/?slug=mitla-cafe-san-bernardino"
"Musso & Frank Grill — Los Angeles, CA","https://fastly.picsum.photos/id/953/800/1200.jpg?hmac=LJ9EHGKQEYDhdDzQ3V9WxWZ0y3rMU0S2pA1OOHZO2DA","loopref/venue",,"Visit Musso & Frank Grill in Los Angeles, CA and share your experience with friends to earn real discounts. Find more venues on LoopRef. #LoopRef #Restaurant #LosAngeles","https://loopref.com/places/venue/?slug=musso-frank-grill-los-angeles"
"Nate 'n Al — Beverly Hills, CA","https://fastly.picsum.photos/id/658/800/1200.jpg?hmac=1bqG-VVLEKD1ZR07br7eNIBXhf8raRtw0XfR92q7zxU","loopref/venue",,"Visit Nate 'n Al in Beverly Hills, CA and share your experience with friends to earn real discounts. Find more venues on LoopRef. #LoopRef #Deli #BeverlyHills","https://loopref.com/places/venue/?slug=nate-n-al-beverly-hills"
"Nick's Coffee Shop — Los Angeles, CA","https://fastly.picsum.photos/id/33/800/1200.jpg?hmac=Qj1LAHqgd00AicxNmIOM9CcAOiygPfqtKUOHYPObdJA","loopref/venue",,"Visit Nick's Coffee Shop in Los Angeles, CA and share your experience with friends to earn real discounts. Find more venues on LoopRef. #LoopRef #Coffee #LosAngeles","https://loopref.com/places/venue/?slug=nicks-coffee-shop-los-angeles"
"Original Pantry Cafe — Los Angeles, CA","https://fastly.picsum.photos/id/863/800/1200.jpg?hmac=bn11s8dMtnufZq0dA2gpacbOGGVG9RNOscz3sj7ZKcg","loopref/venue",,"Visit Original Pantry Cafe in Los Angeles, CA and share your experience with friends to earn real discounts. Find more venues on LoopRef. #LoopRef #Restaurant #LosAngeles","https://loopref.com/places/venue/?slug=original-pantry-cafe-los-angeles"
"Original Tommy's Hamburgers — Los Angeles, CA","https://fastly.picsum.photos/id/991/800/1200.jpg?hmac=klRxmixhWqGC1zMruy9WTeYUAjwE78oaUAryWYNVRD8","loopref/venue",,"Visit Original Tommy's Hamburgers in Los Angeles, CA and share your experience with friends to earn real discounts. Find more venues on LoopRef. #LoopRef #Burgers #LosAngeles","https://loopref.com/places/venue/?slug=original-tommys-hamburgers-los-angeles"
"Paul's Kitchen — Los Angeles, CA","https://fastly.picsum.photos/id/146/800/1200.jpg?hmac=UObMinbJEU-vv8EvorCqFU0kKHSX4Hz3_kYA5-2SwiY","loopref/venue",,"Visit Paul's Kitchen in Los Angeles, CA and share your experience with friends to earn real discounts. Find more venues on LoopRef. #LoopRef #Restaurant #LosAngeles","https://loopref.com/places/venue/?slug=pauls-kitchen-los-angeles"
"Paya — Miami, FL","https://fastly.picsum.photos/id/848/800/1200.jpg?hmac=6lPpUFZSMtNQbNOK-DEikT3H4MSNyJHHl6mWUWv69Vc","loopref/venue",,"Visit Paya in Miami, FL and share your experience with friends to earn real discounts. Find more venues on LoopRef. #LoopRef #Restaurant #Miami","https://loopref.com/places/venue/?slug=paya-miami"
"Pecos Bill's BBQ — Glendale, CA","https://fastly.picsum.photos/id/1049/800/1200.jpg?hmac=_BPBDPikKuxTp9nI3WgU5Fnpi3a_nWjxFZtLSKw9sms","loopref/venue",,"Visit Pecos Bill's BBQ in Glendale, CA and share your experience with friends to earn real discounts. Find more venues on LoopRef. #LoopRef #BBQ #Glendale","https://loopref.com/places/venue/?slug=pecos-bills-bbq-glendale"
"Philippe the Original — Los Angeles, CA","https://fastly.picsum.photos/id/397/800/1200.jpg?hmac=LZUgSS8KjlPg-jx4O74ZPIxXcBmWntzrgRfRNSu2vco","loopref/venue",,"Visit Philippe the Original in Los Angeles, CA and share your experience with friends to earn real discounts. Find more venues on LoopRef. #LoopRef #Restaurant #LosAngeles","https://loopref.com/places/venue/?slug=philippe-the-original-los-angeles"
"Qing Xiang Yuan Dumplings — Chicago, IL","https://fastly.picsum.photos/id/364/800/1200.jpg?hmac=DRhdZx6xB89-pIf30wJ9Qx-NB4QoTIwDhcD3ianYX-Y","loopref/venue",,"Visit Qing Xiang Yuan Dumplings in Chicago, IL and share your experience with friends to earn real discounts. Find more venues on LoopRef. #LoopRef #Chinese #Chicago","https://loopref.com/places/venue/?slug=qing-xiang-yuan-dumplings-chicago"
"Ragadan — Chicago, IL","https://fastly.picsum.photos/id/89/800/1200.jpg?hmac=_mBEdQR8rS272dkHU7rkv5ZLpqI66kIxpewWaz8TVFE","loopref/venue",,"Visit Ragadan in Chicago, IL and share your experience with friends to earn real discounts. Find more venues on LoopRef. #LoopRef #Restaurant #Chicago","https://loopref.com/places/venue/?slug=ragadan-chicago"
"Randazzo's Clam Bar — Brooklyn, NY","https://fastly.picsum.photos/id/413/800/1200.jpg?hmac=h7PpMVXznKyQv_PKnQqWtJfN1PL3UJuaB1NJNk2XsII","loopref/venue",,"Visit Randazzo's Clam Bar in Brooklyn, NY and share your experience with friends to earn real discounts. Find more venues on LoopRef. #LoopRef #Seafood #Brooklyn","https://loopref.com/places/venue/?slug=randazzos-clam-bar-brooklyn"
"Rao's — New York, NY","https://fastly.picsum.photos/id/649/800/1200.jpg?hmac=8HM6ekQ_ioPY1Lc1EnN8xtE0deinKI5LdC5i2I4V4Mc","loopref/venue",,"Visit Rao's in New York, NY and share your experience with friends to earn real discounts. Find more venues on LoopRef. #LoopRef #Italian #NewYork","https://loopref.com/places/venue/?slug=raos-new-york"
"Ricobene's — Chicago, IL","https://fastly.picsum.photos/id/522/800/1200.jpg?hmac=JrvnpdO3ozTWKs855qmdDJCqHft4maAtgcs-JhZwLbo","loopref/venue",,"Visit Ricobene's in Chicago, IL and share your experience with friends to earn real discounts. Find more venues on LoopRef. #LoopRef #Restaurant #Chicago","https://loopref.com/places/venue/?slug=ricobenes-chicago"
"Russ & Daughters — New York, NY","https://fastly.picsum.photos/id/1042/800/1200.jpg?hmac=7j3_Si5SpylsiZ8siqe_-GgwAv8bsVMiYNyheqKWpWo","loopref/venue",,"Visit Russ & Daughters in New York, NY and share your experience with friends to earn real discounts. Find more venues on LoopRef. #LoopRef #Deli #NewYork","https://loopref.com/places/venue/?slug=russ-daughters-new-york"
"Snug Harbor — Santa Monica, CA","https://fastly.picsum.photos/id/600/800/1200.jpg?hmac=kCYzFK_GMyh1-8sfvpmm8d82RGLk567ggn4zsqPpTp0","loopref/venue",,"Visit Snug Harbor in Santa Monica, CA and share your experience with friends to earn real discounts. Find more venues on LoopRef. #LoopRef #Restaurant #SantaMonica","https://loopref.com/places/venue/?slug=snug-harbor-santa-monica"
"Sra. Martinez — Miami, FL","https://fastly.picsum.photos/id/736/800/1200.jpg?hmac=m2TMQc7t774qcS78y4MDnMCJN4Sr7XzldwHncQFE5HY","loopref/venue",,"Visit Sra. Martinez in Miami, FL and share your experience with friends to earn real discounts. Find more venues on LoopRef. #LoopRef #Restaurant #Miami","https://loopref.com/places/venue/?slug=sra-martinez-miami"
"Tacotlan — Chicago, IL","https://fastly.picsum.photos/id/643/800/1200.jpg?hmac=eJZ8xCftSFGKKigGkiJfyFI3IFcdiZYG-jeF-wl8vbs","loopref/venue",,"Visit Tacotlan in Chicago, IL and share your experience with friends to earn real discounts. Find more venues on LoopRef. #LoopRef #Mexican #Chicago","https://loopref.com/places/venue/?slug=tacotlan-chicago"
"Tam O'Shanter — Los Angeles, CA","https://fastly.picsum.photos/id/715/800/1200.jpg?hmac=mRbhaoHCP7AWJUyPD_KkuBLzOUhEzkjqx65g9bsTnec","loopref/venue",,"Visit Tam O'Shanter in Los Angeles, CA and share your experience with friends to earn real discounts. Find more venues on LoopRef. #LoopRef #Restaurant #LosAngeles","https://loopref.com/places/venue/?slug=tam-oshanter-los-angeles"
"The Derby Restaurant — Arcadia, CA","https://fastly.picsum.photos/id/360/800/1200.jpg?hmac=G86M9QNkx4DfWulWMKscPwiJfk7qs-snM7MG1GE_MB0","loopref/venue",,"Visit The Derby Restaurant in Arcadia, CA and share your experience with friends to earn real discounts. Find more venues on LoopRef. #LoopRef #Restaurant #Arcadia","https://loopref.com/places/venue/?slug=the-derby-restaurant-arcadia"
"The Rock Inn — Lake Hughes, CA","https://fastly.picsum.photos/id/784/800/1200.jpg?hmac=pwMmZgBB2k-wNeWHXutSM4ANnkHw9i4-8CEANbVwZHE","loopref/venue",,"Visit The Rock Inn in Lake Hughes, CA and share your experience with friends to earn real discounts. Find more venues on LoopRef. #LoopRef #Restaurant #LakeHughes","https://loopref.com/places/venue/?slug=the-rock-inn-lake-hughes"
"The Saugus Cafe — Santa Clarita, CA","https://fastly.picsum.photos/id/919/800/1200.jpg?hmac=BHNa2E55tej6VHWLTOm3ovIXKiZNc1Ho0mz5wyBEpxk","loopref/venue",,"Visit The Saugus Cafe in Santa Clarita, CA and share your experience with friends to earn real discounts. Find more venues on LoopRef. #LoopRef #Restaurant #SantaClarita","https://loopref.com/places/venue/?slug=the-saugus-cafe-santa-clarita"
"The Smoke House Restaurant — Burbank, CA","https://fastly.picsum.photos/id/126/800/1200.jpg?hmac=Jbh00bOo20i2Vg72fXTRxDtzHm3i3bs1TTz1xD0gZxc","loopref/venue",,"Visit The Smoke House Restaurant in Burbank, CA and share your experience with friends to earn real discounts. Find more venues on LoopRef. #LoopRef #Restaurant #Burbank","https://loopref.com/places/venue/?slug=the-smoke-house-restaurant-burbank"
"Tony's Di Napoli — New York, NY","https://fastly.picsum.photos/id/667/800/1200.jpg?hmac=MYzj0EP3bWEdImiETXOa6GuiTxIzb7ZeU98_WXLu-jM","loopref/venue",,"Visit Tony's Di Napoli in New York, NY and share your experience with friends to earn real discounts. Find more venues on LoopRef. #LoopRef #Italian #NewYork","https://loopref.com/places/venue/?slug=tonys-di-napoli-new-york"
"Twin Anchors — Chicago, IL","https://fastly.picsum.photos/id/128/800/1200.jpg?hmac=dprDN-6li8IU45O0IDqnfrBlekMu_272a17nSm8LYoU","loopref/venue",,"Visit Twin Anchors in Chicago, IL and share your experience with friends to earn real discounts. Find more venues on LoopRef. #LoopRef #BBQ #Chicago","https://loopref.com/places/venue/?slug=twin-anchors-chicago"
"Veniero's Pasticceria & Caffe — New York, NY","https://fastly.picsum.photos/id/591/800/1200.jpg?hmac=UmrqmpE9p14bhicazR_6WWAkF2ISlbTZXRJOMj9YM9k","loopref/venue",,"Visit Veniero's Pasticceria & Caffe in New York, NY and share your experience with friends to earn real discounts. Find more venues on LoopRef. #LoopRef #Bakery #NewYork","https://loopref.com/places/venue/?slug=venieros-pasticceria-caffe-new-york"
"Zaro's Family Bakery — New York, NY","https://fastly.picsum.photos/id/73/800/1200.jpg?hmac=GYSVhGyhcCPWEdQDsOBTmciGAtBOleui3fqIF8MNvi4","loopref/venue",,"Visit Zaro's Family Bakery in New York, NY and share your experience with friends to earn real discounts. Find more venues on LoopRef. #LoopRef #Bakery #NewYork","https://loopref.com/places/venue/?slug=zaros-family-bakery-new-york"
"Zitz Sum — Miami, FL","https://fastly.picsum.photos/id/1011/800/1200.jpg?hmac=pK8pypzS2_kZ56p5zarDrOUnM3SIhX2iFUuZCgj6lic","loopref/venue",,"Visit Zitz Sum in Miami, FL and share your experience with friends to earn real discounts. Find more venues on LoopRef. #LoopRef #Chinese #Miami","https://loopref.com/places/venue/?slug=zitz-sum-miami"